student_g9_name_1,1,9,MPM1D0,ENG1D0,FSF1D0,CGC1D0,SNC1D0,AVI1O0,PPL1OM,TIJ1O0
student_g9_name_2,2,9,MPM1D0,ENG1D0,FSF1D0,CGC1D0,SNC1D0,ADA1O0,PPL1OF,TIJ1O0
student_g9_name_3,3,9,MPM1D0,ENG1D0,FSF1D0,CGC1D0,SNC1D0,AMU1O0,PPL1OM,TIJ1O0
student_g9_name_4,4,9,MPM1D0,ENG1D0,FSF1D0,CGC1D0,SNC1D0,AVI1O0,PPL1OF,TIJ1O0
student_g9_name_5,5,9,MPM1D0,ENG1D0,FSF1D0,CGC1D0,SNC1D0,AVI1O0,PPL1OM,TIJ1O0
student_g9_name_6,6,9,MPM1D0,ENG1D0,FSF1D0,CGC1D0,SNC1D0,AVI1O0,PPL1OF,TIJ1O0
student_g9_name_7,7,9,MPM1D0,ENG1D0,FSF1D0,CGC1D0,SNC1D0,ADA1O0,PPL1OM,TIJ1O0
student_g9_name_8,8,9,MPM1D0,ENG1D0,FSF1D0,CGC1D0,SNC1D0,AMU1O0,PPL1OF,TIJ1O0
student_g9_name_9,9,9,MPM1D0,ENG1D0,FSF1D0,CGC1D0,SNC1D0,AVI1O0,PPL1OM,TIJ1O0
student_g9_name_10,10,9,MPM1D0,ENG1D0,FSF1D0,CGC1D0,SNC1D0,AVI1O0,PPL1OF,TIJ1O0
student_g9_name_11,11,9,MPM1D0,ENG1D0,FSF1D0,CGC1D0,SNC1D0,AVI1O0,PPL1OM,GLE1O0
student_g9_name_12,12,9,MPM1D0,ENG1D0,FSF1D0,CGC1D0,SNC1D0,ADA1O0,PPL1OF,TIJ1O0
student_g9_name_13,13,9,MPM1D0,ENG1D0,FSF1D0,CGC1D0,SNC1D0,AMU1O0,PPL1OM,TIJ1O0
student_g9_name_14,14,9,MPM1D0,ENG1D0,FSF1D0,CGC1D0,SNC1D0,AVI1O0,BBT1O0,TIJ1O0
student_g9_name_15,15,9,MPM1D0,ENG1D0,FSF1D0,CGC1D0,SNC1D0,AVI1O0,PPL1OM,TIJ1O0
student_g9_name_16,16,9,MPM1D0,ENG1D0,FSF1D0,CGC1D0,SNC1D0,AVI1O0,PPL1OF,TIJ1O0
student_g9_name_17,17,9,MPM1D0,ENG1D0,FSF1D0,CGC1D0,SNC1D0,ADA1O0,PPL1OM,TIJ1O0
student_g9_name_18,18,9,MPM1D0,ENG1D0,FSF1D0,CGC1D0,SNC1D0,AMU1O0,PPL1OF,TIJ1O0
student_g9_name_19,19,9,MPM1D0,ENG1D0,FSF1D0,CGC1D0,SNC1D0,AVI1O0,PPL1OM,GLS1O0
student_g9_name_20,20,9,MPM1D0,ENG1D0,FSF1D0,CGC1D0,SNC1D0,AVI1O0,PPL1OF,TIJ1O0
student_g9_name_21,21,9,MPM1D0,ENG1D0,FSF1D0,CGC1D0,SNC1D0,AVI1O0,PPL1OM,TIJ1O0
student_g9_name_22,22,9,MPM1D0,ENG1D0,FSF1D0,CGC1D0,SNC1D0,ADA1O0,PPL1OF,TIJ1O0
student_g9_name_23,23,9,MPM1D0,ENG1D0,FSF1D0,CGC1D0,SNC1D0,AMU1O0,PPL1OM,TIJ1O0
student_g9_name_24,24,9,MPM1D0,ENG1D0,FSF1D0,CGC1D0,SNC1D0,AVI1O0,PPL1OF,TIJ1O0
student_g9_name_25,25,9,MPM1D0,ENG1D0,FSF1D0,CGC1D0,SNC1D0,AVI1O0,PPL1OM,TIJ1O0
student_g9_name_26,26,9,MPM1D0,ENG1D0,FSF1D0,CGC1D0,SNC1D0,AVI1O0,PPL1OF,TIJ1O0
student_g9_name_27,27,9,MPM1D0,ENG1D0,FSF1D0,CGC1D0,SNC1D0,ADA1O0,BBT1O0,TIJ1O0
student_g9_name_28,28,9,MPM1D0,ENG1D0,FSF1D0,CGC1D0,SNC1D0,AMU1O0,PPL1OF,TIJ1O0
student_g9_name_29,29,9,MPM1D0,ENG1D0,FSF1D0,CGC1D0,SNC1D0,AVI1O0,PPL1OM,TIJ1O0
student_g9_name_30,30,9,MPM1D0,ENG1D0,FSF1D0,CGC1D0,SNC1D0,AVI1O0,PPL1OF,GLE1O0
student_g9_name_31,31,9,MPM1D0,ENG1D0,FSF1D0,CGC1D0,SNC1D0,AVI1O0,PPL1OM,TIJ1O0
student_g9_name_32,32,9,MPM1D0,ENG1D0,FSF1D0,CGC1D0,SNC1D0,ADA1O0,PPL1OF,TIJ1O0
student_g9_name_33,33,9,MPM1D0,ENG1D0,FSF1D0,CGC1D0,SNC1D0,AMU1O0,PPL1OM,TIJ1O0
student_g9_name_34,34,9,MPM1D0,ENG1D0,FSF1D0,CGC1D0,SNC1D0,AVI1O0,PPL1OF,TIJ1O0
student_g9_name_35,35,9,MPM1D0,ENG1D0,FSF1D0,CGC1D0,SNC1D0,AVI1O0,PPL1OM,TIJ1O0
student_g9_name_36,36,9,MPM1D0,ENG1D0,FSF1D0,CGC1D0,SNC1D0,AVI1O0,PPL1OF,TIJ1O0
student_g9_name_37,37,9,MPM1D0,ENG1D0,FSF1D0,CGC1D0,SNC1D0,ADA1O0,PPL1OM,TIJ1O0
student_g9_name_38,38,9,MPM1D0,ENG1D0,FSF1D0,CGC1D0,SNC1D0,AMU1O0,PPL1OF,GLS1O0
student_g9_name_39,39,9,MPM1D0,ENG1D0,FSF1D0,CGC1D0,SNC1D0,AVI1O0,PPL1OM,TIJ1O0
student_g9_name_40,40,9,MPM1D0,ENG1D0,FSF1D0,CGC1D0,SNC1D0,AVI1O0,PPL1OF,TIJ1O0
student_g9_name_41,41,9,MPM1D0,ENG1D0,FSF1D0,CGC1D0,SNC1D0,AVI1O0,BBT1O0,TIJ1O0
student_g9_name_42,42,9,MPM1D0,ENG1D0,FSF1D0,CGC1D0,SNC1D0,ADA1O0,PPL1OF,TIJ1O0
student_g9_name_43,43,9,MPM1D0,ENG1D0,FSF1D0,CGC1D0,SNC1D0,AMU1O0,PPL1OM,TIJ1O0
student_g9_name_44,44,9,MPM1D0,ENG1D0,FSF1D0,CGC1D0,SNC1D0,AVI1O0,PPL1OF,TIJ1O0
student_g9_name_45,45,9,MPM1D0,ENG1D0,FSF1D0,CGC1D0,SNC1D0,AVI1O0,PPL1OM,TIJ1O0
student_g9_name_46,46,9,MPM1D0,ENG1D0,FSF1D0,CGC1D0,SNC1D0,AVI1O0,PPL1OF,TIJ1O0
student_g9_name_47,47,9,MPM1D0,ENG1D0,FSF1D0,CGC1D0,SNC1D0,ADA1O0,PPL1OM,TIJ1O0
student_g9_name_48,48,9,MPM1D0,ENG1D0,FSF1D0,CGC1D0,SNC1D0,AMU1O0,PPL1OF,TIJ1O0
student_g9_name_49,49,9,MPM1D0,ENG1D0,FSF1D0,CGC1D0,SNC1D0,AVI1O0,PPL1OM,GLE1O0
student_g9_name_50,50,9,MPM1D0,ENG1D0,FSF1D0,CGC1D0,SNC1D0,AVI1O0,PPL1OF,TIJ1O0
student_g9_name_51,51,9,MPM1D0,ENG1D0,FSF1D0,CGC1D0,SNC1D0,AVI1O0,PPL1OM,TIJ1O0
student_g9_name_52,52,9,MPM1D0,ENG1D0,FSF1D0,CGC1D0,SNC1D0,ADA1O0,PPL1OF,TIJ1O0
student_g9_name_53,53,9,MPM1D0,ENG1D0,FSF1D0,CGC1D0,SNC1D0,AMU1O0,PPL1OM,TIJ1O0
student_g9_name_54,54,9,MPM1D0,ENG1D0,FSF1D0,CGC1D0,SNC1D0,AVI1O0,PPL1OF,TIJ1O0
student_g9_name_55,55,9,MPM1D0,ENG1D0,FSF1D0,CGC1D0,SNC1D0,AVI1O0,PPL1OM,TIJ1O0
student_g9_name_56,56,9,MPM1D0,ENG1D0,FSF1D0,CGC1D0,SNC1D0,AVI1O0,BBT1O0,TIJ1O0
student_g9_name_57,57,9,MPM1D0,ENG1D0,FSF1D0,CGC1D0,SNC1D0,ADA1O0,PPL1OM,GLS1O0
student_g9_name_58,58,9,MPM1D0,ENG1D0,FSF1D0,CGC1D0,SNC1D0,AMU1O0,PPL1OF,TIJ1O0
student_g9_name_59,59,9,MPM1D0,ENG1D0,FSF1D0,CGC1D0,SNC1D0,AVI1O0,PPL1OM,TIJ1O0
student_g9_name_60,60,9,MPM1D0,ENG1D0,FSF1D0,CGC1D0,SNC1D0,AVI1O0,PPL1OF,TIJ1O0
student_g9_name_61,61,9,MPM1D0,ENG1D0,FSF1D0,CGC1D0,SNC1D0,AVI1O0,PPL1OM,TIJ1O0
student_g9_name_62,62,9,MPM1D0,ENG1D0,FSF1D0,CGC1D0,SNC1D0,ADA1O0,PPL1OF,TIJ1O0
student_g9_name_63,63,9,MPM1D0,ENG1D0,FSF1D0,CGC1D0,SNC1D0,AMU1O0,PPL1OM,TIJ1O0
student_g9_name_64,64,9,MPM1D0,ENG1D0,FSF1D0,CGC1D0,SNC1D0,AVI1O0,PPL1OF,TIJ1O0
student_g9_name_65,65,9,MPM1D0,ENG1D0,FSF1D0,CGC1D0,SNC1D0,AVI1O0,PPL1OM,TIJ1O0
student_g9_name_66,66,9,MPM1D0,ENG1D0,FSF1D0,CGC1D0,SNC1D0,AVI1O0,PPL1OF,TIJ1O0
student_g9_name_67,67,9,MPM1D0,ENG1D0,FSF1D0,CGC1D0,SNC1D0,ADA1O0,PPL1OM,TIJ1O0
student_g9_name_68,68,9,MPM1D0,ENG1D0,FSF1D0,CGC1D0,SNC1D0,AMU1O0,PPL1OF,GLE1O0
student_g9_name_69,69,9,MPM1D0,ENG1D0,FSF1D0,CGC1D0,SNC1D0,AVI1O0,PPL1OM,TIJ1O0
student_g9_name_70,70,9,MPM1D0,ENG1D0,FSF1D0,CGC1D0,SNC1D0,AVI1O0,PPL1OF,TIJ1O0
student_g9_name_71,71,9,MPM1D0,ENG1D0,FSF1D0,CGC1D0,SNC1D0,AVI1O0,PPL1OM,TIJ1O0
student_g9_name_72,72,9,MPM1D0,ENG1D0,FSF1D0,CGC1D0,SNC1D0,ADA1O0,PPL1OF,TIJ1O0
student_g9_name_73,73,9,MPM1D0,ENG1D0,FSF1D0,CGC1D0,SNC1D0,AMU1O0,PPL1OM,TIJ1O0
student_g9_name_74,74,9,MPM1D0,ENG1D0,FSF1D0,CGC1D0,SNC1D0,AVI1O0,PPL1OF,TIJ1O0
student_g9_name_75,75,9,MPM1D0,ENG1D0,FSF1D0,CGC1D0,SNC1D0,AVI1O0,PPL1OM,TIJ1O0
student_g9_name_76,76,9,MPM1D0,ENG1D0,FSF1D0,CGC1D0,SNC1D0,AVI1O0,PPL1OF,GLS1O0
student_g9_name_77,77,9,MPM1D0,ENG1D0,FSF1D0,CGC1D0,SNC1D0,ADA1O0,PPL1OM,TIJ1O0
student_g9_name_78,78,9,MPM1D0,ENG1D0,FSF1D0,CGC1D0,SNC1D0,AMU1O0,PPL1OF,TIJ1O0
student_g9_name_79,79,9,MPM1D0,ENG1D0,FSF1D0,CGC1D0,SNC1D0,AVI1O0,PPL1OM,TIJ1O0
student_g9_name_80,80,9,MPM1D0,ENG1D0,FSF1D0,CGC1D0,SNC1P0,AVI1O0,PPL1OF,TIJ1O0
student_g9_name_81,81,9,MPM1D0,ENG1D0,FSF1D0,CGC1D0,SNC1D0,AVI1O0,PPL1OM,TIJ1O0
student_g9_name_82,82,9,MPM1D0,ENG1D0,FSF1D0,CGC1D0,SNC1D0,ADA1O0,PPL1OF,TIJ1O0
student_g9_name_83,83,9,MPM1D0,ENG1D0,FSF1D0,CGC1D0,SNC1P0,AMU1O0,PPL1OM,TIJ1O0
student_g9_name_84,84,9,MPM1D0,ENG1D0,FSF1D0,CGC1D0,SNC1D0,AVI1O0,PPL1OF,TIJ1O0
student_g9_name_85,85,9,MPM1D0,ENG1D0,FSF1D0,CGC1D0,SNC1P0,AVI1O0,PPL1OM,TIJ1O0
student_g9_name_86,86,9,MPM1D0,ENG1D0,FSF1D0,CGC1D0,SNC1D0,AVI1O0,PPL1OF,TIJ1O0
student_g9_name_87,87,9,MPM1D0,ENG1D0,FSF1D0,CGC1D0,SNC1D0,ADA1O0,PPL1OM,GLE1O0
student_g9_name_88,88,9,MPM1D0,ENG1D0,FSF1D0,CGC1D0,SNC1D0,AMU1O0,PPL1OF,TIJ1O0
student_g9_name_89,89,9,MPM1D0,ENG1D0,FSF1D0,CGC1D0,SNC1D0,AVI1O0,PPL1OM,TIJ1O0
student_g9_name_90,90,9,MPM1D0,ENG1D0,FSF1D0,CGC1D0,SNC1D0,AVI1O0,PPL1OF,TIJ1O0
student_g9_name_91,91,9,MPM1D0,ENG1D0,FSF1D0,CGC1D0,SNC1D0,AVI1O0,PPL1OM,TIJ1O0
student_g9_name_92,92,9,MPM1D0,ENG1D0,FSF1D0,CGC1D0,SNC1D0,ADA1O0,PPL1OF,TIJ1O0
student_g9_name_93,93,9,MPM1D0,ENG1D0,FSF1D0,CGC1D0,SNC1D0,AMU1O0,PPL1OM,TIJ1O0
student_g9_name_94,94,9,MPM1D0,ENG1D0,FSF1D0,CGC1D0,SNC1D0,AVI1O0,PPL1OF,TIJ1O0
student_g9_name_95,95,9,MPM1D0,ENG1D0,FSF1D0,CGC1D0,SNC1D0,AVI1O0,PPL1OM,GLS1O0
student_g9_name_96,96,9,MPM1D0,ENG1D0,FSF1D0,CGC1D0,SNC1D0,AVI1O0,PPL1OF,HIF1O0
student_g9_name_97,97,9,MPM1D0,ENG1D0,FSF1D0,CGC1D0,SNC1D0,ADA1O0,PPL1OM,TIJ1O0
student_g9_name_98,98,9,MPM1D0,ENG1D0,FSF1D0,CGC1D0,SNC1D0,AMU1O0,PPL1OF,HIF1O0
student_g9_name_99,99,9,MPM1D0,ENG1D0,FSF1D0,CGC1D0,SNC1D0,AVI1O0,PPL1OM,TIJ1O0
student_g9_name_100,100,9,MPM1D0,ENG1D0,FSF1D0,CGC1D0,SNC1D0,AVI1O0,PPL1OF,TIJ1O0
student_g9_name_101,101,9,MPM1D0,ENG1D0,FSF1D0,CGC1D0,SNC1D0,AVI1O0,PPL1OM,HIF1O0
student_g9_name_102,102,9,MPM1D0,ENG1D0,FSF1D0,CGC1D0,SNC1D0,ADA1O0,PPL1OF,TIJ1O0
student_g9_name_103,103,9,MPM1D0,ENG1D0,FSF1D0,CGC1D0,SNC1D0,AMU1O0,PPL1OM,HIF1O0
student_g9_name_104,104,9,MPM1D0,ENG1D0,FSF1D0,CGC1D0,SNC1D0,AVI1O0,PPL1OF,HIF1O0
student_g9_name_105,105,9,MPM1D0,ENG1D0,FSF1D0,CGC1D0,SNC1D0,AVI1O0,PPL1OM,TIJ1O0
student_g9_name_106,106,9,MPM1D0,ENG1D0,FSF1D0,CGC1D0,SNC1D0,AVI1O0,PPL1OF,GLE1O0
student_g9_name_107,107,9,MPM1D0,ENG1D0,FSF1D0,CGC1D0,SNC1D0,ADA1O0,PPL1OM,TIJ1O0
student_g9_name_108,108,9,MPM1D0,ENG1D0,FSF1D0,CGC1D0,SNC1D0,AMU1O0,PPL1OF,HIF1O0
student_g9_name_109,109,9,MPM1D0,ENG1D0,FSF1D0,CGC1D0,SNC1D0,AVI1O0,PPL1OM,HIF1O0
student_g9_name_110,110,9,MPM1D0,ENG1D0,FSF1D0,CGC1D0,SNC1D0,AVI1O0,PPL1OF,TIJ1O0
student_g9_name_111,111,9,MPM1D0,ENG1D0,FSF1D0,CGC1D0,SNC1D0,AVI1O0,PPL1OM,HIF1O0
student_g9_name_112,112,9,MPM1D0,ENG1D0,FSF1D0,CGC1D0,SNC1D0,ADA1O0,PPL1OF,TIJ1O0
student_g9_name_113,113,9,MPM1D0,ENG1D0,FSF1D0,CGC1D0,SNC1D0,AMU1O0,PPL1OM,TIJ1O0
student_g9_name_114,114,9,MPM1D0,ENG1D0,FSF1D0,CGC1D0,SNC1D0,AVI1O0,PPL1OF,GLS1O0
student_g9_name_115,115,9,MPM1D0,ENG1D0,FSF1P0,CGC1D0,SNC1D0,AVI1O0,PPL1OM,HIF1O0
student_g9_name_116,116,9,MPM1D0,ENG1D0,FSF1P0,CGC1D0,SNC1D0,AVI1O0,PPL1OF,TIJ1O0
student_g9_name_117,117,9,MPM1D0,ENG1D0,FSF1P0,CGC1D0,SNC1D0,ADA1O0,PPL1OM,HIF1O0
student_g9_name_118,118,9,MPM1D0,ENG1D0,FSF1P0,CGC1D0,SNC1D0,AMU1O0,PPL1OF,TIJ1O0
student_g9_name_119,119,9,MPM1D0,ENG1D0,FSF1P0,CGC1D0,SNC1D0,AVI1O0,PPL1OM,TIJ1O0
student_g9_name_120,120,9,MPM1D0,ENG1D0,FSF1P0,CGC1D0,SNC1D0,AVI1O0,PPL1OF,HIF1O0
student_g9_name_121,121,9,MPM1D0,ENG1D0,FSF1P0,CGC1D0,SNC1D0,AVI1O0,PPL1OM,TIJ1O0
student_g9_name_122,122,9,MPM1D0,ENG1D0,FSF1P0,CGC1D0,SNC1D0,ADA1O0,PPL1OF,HIF1O0
student_g9_name_123,123,9,MPM1D0,ENG1D0,FSF1P0,CGC1D0,SNC1D0,AMU1O0,PPL1OM,HIF1O0
student_g9_name_124,124,9,MPM1D0,ENG1D0,FSF1P0,CGC1D0,SNC1D0,AVI1O0,PPL1OF,TIJ1O0
student_g9_name_125,125,9,MPM1D0,ENG1D0,FSF1P0,CGC1D0,SNC1D0,AVI1O0,PPL1OM,GLE1O0
student_g9_name_126,126,9,MPM1D0,ENG1D0,FSF1P0,CGC1D0,SNC1D0,AVI1O0,PPL1OF,TIJ1O0
student_g9_name_127,127,9,MPM1D0,ENG1D0,FSF1P0,CGC1D0,SNC1D0,ADA1O0,PPL1OM,HIF1O0
student_g9_name_128,128,9,MPM1D0,ENG1D0,FSF1P0,CGC1D0,SNC1D0,AMU1O0,PPL1OF,HIF1O0
student_g9_name_129,129,9,MPM1D0,ENG1D0,FSF1P0,CGC1D0,SNC1D0,AVI1O0,PPL1OM,TIJ1O0
student_g9_name_130,130,9,MPM1D0,ENG1D0,FSF1P0,CGC1D0,SNC1D0,AVI1O0,PPL1OF,HIF1O0
student_g9_name_131,131,9,MPM1D0,ENG1D0,FSF1P0,CGC1D0,SNC1D0,AVI1O0,PPL1OM,TIJ1O0
student_g9_name_132,132,9,MPM1D0,ENG1D0,FSF1P0,CGC1D0,SNC1D0,ADA1O0,PPL1OF,TIJ1O0
student_g9_name_133,133,9,MPM1D0,ENG1D0,FSF1P0,CGC1D0,SNC1D0,AMU1O0,PPL1OM,GLS1O0
student_g9_name_134,134,9,MPM1D0,ENG1D0,FSF1P0,CGC1D0,SNC1D0,AVI1O0,PPL1OF,HIF1O0
student_g9_name_135,135,9,MPM1D0,ENG1D0,FSF1P0,CGC1D0,SNC1D0,AVI1O0,PPL1OM,TIJ1O0
student_g9_name_136,136,9,MPM1D0,ENG1D0,FSF1P0,CGC1D0,SNC1D0,AVI1O0,PPL1OF,HIF1O0
student_g9_name_137,137,9,MPM1D0,ENG1D0,FSF1P0,CGC1D0,SNC1D0,ADA1O0,PPL1OM,TIJ1O0
student_g9_name_138,138,9,MPM1D0,ENG1D0,FSF1P0,CGC1D0,SNC1D0,AMU1O0,PPL1OF,TIJ1O0
student_g9_name_139,139,9,MPM1D0,ENG1D0,FSF1P0,CGC1D0,SNC1D0,AVI1O0,PPL1OM,HIF1O0
student_g9_name_140,140,9,MPM1D0,ENG1D0,FSF1P0,CGC1D0,SNC1D0,AVI1O0,PPL1OF,TIJ1O0
student_g9_name_141,141,9,MPM1D0,ENG1P0,FSF1P0,CGC1D0,SNC1D0,AVI1O0,PPL1OM,HIF1O0
student_g9_name_142,142,9,MPM1D0,ENG1P0,FSF1P0,CGC1D0,SNC1D0,ADA1O0,PPL1OF,HIF1O0
student_g9_name_143,143,9,MPM1D0,ENG1P0,FSF1P0,CGC1D0,SNC1D0,AMU1O0,PPL1OM,TIJ1O0
student_g9_name_144,144,9,MPM1D0,ENG1P0,FSF1P0,CGC1D0,SNC1D0,AVI1O0,PPL1OF,GLE1O0
student_g9_name_145,145,9,MPM1D0,ENG1P0,FSF1P0,CGC1D0,SNC1D0,AVI1O0,PPL1OM,TIJ1O0
student_g9_name_146,146,9,MPM1D0,ENG1P0,FSF1P0,CGC1D0,SNC1D0,AVI1O0,PPL1OF,HIF1O0
student_g9_name_147,147,9,MPM1D0,ENG1P0,FSF1P0,CGC1D0,SNC1D0,ADA1O0,PPL1OM,HIF1O0
student_g9_name_148,148,9,MPM1D0,ENG1P0,FSF1P0,CGC1D0,SNC1D0,AMU1O0,PPL1OF,TIJ1O0
student_g9_name_149,149,9,MPM1D0,ENG1P0,FSF1P0,CGC1D0,SNC1D0,AVI1O0,PPL1OM,HIF1O0
student_g9_name_150,150,9,MPM1D0,ENG1P0,FSF1P0,CGC1D0,SNC1D0,AVI1O0,PPL1OF,TIJ1O0
student_g9_name_151,151,9,MPM1D0,ENG1P0,FSF1P0,CGC1D0,SNC1D0,AVI1O0,PPL1OM,TIJ1O0
student_g9_name_152,152,9,MPM1D0,ENG1P0,FSF1P0,CGC1D0,SNC1D0,ADA1O0,PPL1OF,GLS1O0
student_g9_name_153,153,9,MPM1D0,ENG1P0,FSF1P0,CGC1D0,SNC1D0,AMU1O0,PPL1OM,TIJ1O0
student_g9_name_154,154,9,MPM1D0,ENG1P0,FSF1P0,CGC1D0,SNC1D0,AVI1O0,PPL1OF,TIJ1O0
student_g9_name_155,155,9,MPM1D0,ENG1P0,FSF1P0,CGC1D0,SNC1D0,AVI1O0,PPL1OM,TIJ1O0
student_g9_name_156,156,9,MPM1D0,ENG1P0,FSF1P0,CGC1D0,SNC1D0,AVI1O0,PPL1OF,TIJ1O0
student_g9_name_157,157,9,MPM1D0,ENG1P0,FSF1P0,CGC1D0,SNC1D0,ADA1O0,PPL1OM,TIJ1O0
student_g9_name_158,158,9,MPM1D0,ENG1P0,FSF1P0,CGC1D0,SNC1D0,AMU1O0,PPL1OF,TIJ1O0
student_g9_name_159,159,9,MPM1D0,ENG1P0,FSF1P0,CGC1D0,SNC1D0,AVI1O0,PPL1OM,GLS1O0
student_g9_name_160,160,9,MPM1D0,ENG1P0,FSF1P0,CGC1D0,SNC1D0,AVI1O0,PPL1OF,HIF1O0
student_g9_name_161,161,9,MFM1P0,ENG1P0,FSF1P0,CGC1D0,SNC1D0,AVI1O0,PPL1OM,TIJ1O0
student_g9_name_162,162,9,MFM1P0,ENG1P0,FSF1P0,CGC1D0,SNC1D0,ADA1O0,PPL1OF,HIF1O0
student_g9_name_163,163,9,MFM1P0,ENG1P0,FSF1P0,CGC1D0,SNC1D0,AMU1O0,PPL1OM,TIJ1O0
student_g9_name_164,164,9,MFM1P0,ENG1P0,FSF1P0,CGC1D0,SNC1D0,AVI1O0,PPL1OF,TIJ1O0
student_g9_name_165,165,9,MFM1P0,ENG1P0,FSF1P0,CGC1D0,SNC1D0,AVI1O0,PPL1OM,HIF1O0
student_g9_name_166,166,9,MFM1P0,ENG1P0,FSF1P0,CGC1D0,SNC1P0,AVI1O0,PPL1OF,TIJ1O0
student_g9_name_167,167,9,MFM1P0,ENG1P0,FSF1P0,CGC1D0,SNC1P0,ADA1O0,PPL1OM,HIF1O0
student_g9_name_168,168,9,MFM1P0,ENG1P0,FSF1P0,CGC1D0,SNC1P0,AMU1O0,PPL1OF,HIF1O0
student_g9_name_169,169,9,MFM1P0,ENG1P0,FSF1P0,CGC1D0,SNC1P0,AVI1O0,PPL1OM,TIJ1O0
student_g9_name_170,170,9,MFM1P0,ENG1P0,FSF1P0,CGC1D0,SNC1P0,AVI1O0,PPL1OF,GLE1O0
student_g9_name_171,171,9,MFM1P0,ENG1P0,FSF1P0,CGC1D0,SNC1P0,AVI1O0,PPL1OM,TIJ1O0
student_g9_name_172,172,9,MFM1P0,ENG1P0,FSF1P0,CGC1D0,SNC1P0,ADA1O0,PPL1OF,HIF1O0
student_g9_name_173,173,9,MFM1P0,ENG1P0,FSF1P0,CGC1D0,SNC1P0,AMU1O0,PPL1OM,HIF1O0
student_g9_name_174,174,9,MFM1P0,ENG1P0,FSF1P0,CGC1D0,SNC1P0,AVI1O0,PPL1OF,TIJ1O0
student_g9_name_175,175,9,MFM1P0,ENG1P0,FSF1P0,CGC1D0,SNC1P0,AVI1O0,PPL1OM,HIF1O0
student_g9_name_176,176,9,MFM1P0,ENG1P0,FSF1P0,CGC1D0,SNC1P0,AVI1O0,PPL1OF,TIJ1O0
student_g9_name_177,177,9,MFM1P0,ENG1P0,FSF1P0,CGC1D0,SNC1P0,ADA1O0,PPL1OM,TIJ1O0
student_g9_name_178,178,9,MFM1P0,ENG1P0,FSF1P0,CGC1D0,SNC1P0,AMU1O0,PPL1OF,GLS1O0
student_g9_name_179,179,9,MFM1P0,ENG1P0,FSF1P0,CGC1D0,SNC1P0,AVI1O0,PPL1OM,HIF1O0
student_g9_name_180,180,9,MFM1P0,ENG1P0,FSF1P0,CGC1D0,SNC1P0,AVI1O0,PPL1OF,TIJ1O0
student_g9_name_181,181,9,MFM1P0,ENG1P0,FSF1P0,CGC1D0,SNC1P0,AVI1O0,BBT1O0,HIF1O0
student_g9_name_182,182,9,MFM1P0,ENG1P0,FSF1P0,CGC1D0,SNC1P0,ADA1O0,BBT1O0,TIJ1O0
student_g9_name_183,183,9,MFM1P0,ENG1P0,FSF1P0,CGC1D0,SNC1P0,AMU1O0,BBT1O0,TIJ1O0
student_g9_name_184,184,9,MFM1P0,ENG1P0,FSF1P0,CGC1D0,SNC1P0,AVI1O0,BBT1O0,HIF1O0
student_g9_name_185,185,9,MFM1P0,ENG1P0,FSF1P0,CGC1D0,SNC1P0,AVI1O0,BBT1O0,TIJ1O0
student_g9_name_186,186,9,MFM1P0,ENG1P0,FSF1P0,CGC1D0,SNC1P0,AVI1O0,BBT1O0,HIF1O0
student_g9_name_187,187,9,MFM1P0,ENG1P0,FSF1P0,CGC1D0,SNC1P0,ADA1O0,PPL1OF,HIF1O0
student_g9_name_188,188,9,MFM1P0,ENG1P0,FSF1P0,CGC1D0,SNC1P0,AMU1O0,PPL1OM,TIJ1O0
student_g9_name_189,189,9,MFM1P0,ENG1P0,FSF1P0,CGC1D0,SNC1P0,AVI1O0,PPL1OF,GLE1O0
student_g9_name_190,190,9,MFM1P0,ENG1P0,FSF1P0,CGC1D0,SNC1P0,AVI1O0,PPL1OM,TIJ1O0
student_g9_name_191,191,9,MFM1P0,ENG1P0,FSF1P0,CGC1D0,SNC1P0,AVI1O0,PPL1OF,HIF1O0
student_g9_name_192,192,9,MFM1P0,ENG1P0,FSF1P0,CGC1D0,SNC1P0,ADA1O0,PPL1OM,HIF1O0
student_g9_name_193,193,9,MFM1P0,ENG1P0,FSF1P0,CGC1D0,SNC1P0,AMU1O0,PPL1OF,TIJ1O0
student_g9_name_194,194,9,MFM1P0,ENG1P0,FSF1P0,CGC1D0,SNC1P0,AVI1O0,PPL1OM,HIF1O0
student_g9_name_195,195,9,MFM1P0,ENG1P0,FSF1P0,CGC1D0,SNC1P0,AVI1O0,PPL1OF,TIJ1O0
student_g9_name_196,196,9,MFM1P0,ENG1P0,FSF1P0,CGC1D0,SNC1P0,AVI1O0,PPL1OM,TIJ1O0
student_g9_name_197,197,9,MFM1P0,ENG1P0,FSF1P0,CGC1D0,SNC1P0,ADA1O0,PPL1OF,GLS1O0
student_g9_name_198,198,9,MFM1P0,ENG1P0,FSF1P0,CGC1P0,SNC1P0,AMU1O0,PPL1OM,HIF1O0
student_g9_name_199,199,9,MFM1P0,ENG1P0,FSF1P0,CGC1P0,SNC1P0,AVI1O0,PPL1OF,TIJ1O0
student_g9_name_200,200,9,MFM1P0,ENG1P0,FSF1P0,CGC1P0,SNC1P0,AVI1O0,BBT1O0,HIF1O0
student_g9_name_201,201,9,MFM1P0,ENG1P0,FSF1P0,CGC1P0,SNC1P0,AVI1O0,BBT1O0,TIJ1O0
student_g9_name_202,202,9,MFM1P0,ENG1P0,FSF1D0,CGC1P0,SNC1P0,ADA1O0,BBT1O0,TIJ1O0
student_g9_name_203,203,9,MFM1P0,ENG1P0,FSF1D0,CGC1P0,SNC1P0,AMU1O0,PPL1OF,HIF1O0
student_g9_name_204,204,9,MFM1P0,ENG1P0,FSF1D0,CGC1P0,SNC1P0,AVI1O0,PPL1OM,TIJ1O0
student_g9_name_205,205,9,MFM1P0,ENG1P0,FSF1D0,CGC1P0,SNC1P0,AVI1O0,PPL1OF,HIF1O0
student_g9_name_206,206,9,MFM1P0,ENG1P0,FSF1D0,CGC1P0,SNC1P0,AVI1O0,PPL1OM,HIF1O0
student_g9_name_207,207,9,MFM1P0,ENG1P0,FSF1D0,CGC1P0,SNC1P0,ADA1O0,PPL1OF,TIJ1O0
student_g9_name_208,208,9,MFM1P0,ENG1P0,FSF1D0,CGC1P0,SNC1P0,AMU1O0,PPL1OM,GLE1O0
student_g9_name_209,209,9,MFM1P0,ENG1P0,FSF1D0,CGC1P0,SNC1P0,AVI1O0,PPL1OF,TIJ1O0
student_g9_name_210,210,9,MFM1P0,ENG1P0,FSF1D0,CGC1P0,SNC1P0,AVI1O0,PPL1OM,HIF1O0
student_g9_name_211,211,9,MFM1P0,ENG1P0,FSF1D0,CGC1P0,SNC1P0,AVI1O0,PPL1OF,HIF1O0
student_g9_name_212,212,9,MFM1P0,ENG1P0,FSF1D0,CGC1P0,SNC1P0,ADA1O0,PPL1OM,TIJ1O0
student_g9_name_213,213,9,MFM1P0,ENG1P0,FSF1D0,CGC1P0,SNC1P0,AMU1O0,PPL1OF,HIF1O0
student_g9_name_214,214,9,MFM1P0,ENG1P0,FSF1D0,CGC1P0,SNC1P0,AVI1O0,PPL1OM,TIJ1O0
student_g9_name_215,215,9,MFM1P0,ENG1P0,FSF1D0,CGC1P0,SNC1P0,AVI1O0,PPL1OF,TIJ1O0
student_g9_name_216,216,9,MFM1P0,ENG1P0,FSF1D0,CGC1P0,SNC1P0,AVI1O0,BBT1O0,GLS1O0
student_g9_name_217,217,9,MFM1P0,ENG1P0,FSF1D0,CGC1P0,SNC1P0,ADA1O0,BBT1O0,TIJ1O0
student_g9_name_218,218,9,MFM1P0,ENG1P0,FSF1P0,CGC1P0,SNC1P0,AMU1O0,BBT1O0,TIJ1O0
student_g9_name_219,219,9,MFM1P0,ENG1P0,FSF1P0,CGC1P0,SNC1P0,AVI1O0,PPL1OF,TIJ1O0
student_g9_name_220,220,9,MFM1P0,ENG1P0,FSF1P0,CGC1P0,SNC1P0,AVI1O0,PPL1OM,TIJ1O0
student_g9_name_221,221,9,MFM1P0,ENG1P0,FSF1P0,CGC1P0,SNC1P0,AVI1O0,PPL1OF,TIJ1O0
student_g9_name_222,222,9,MFM1P0,ENG1P0,FSF1P0,CGC1P0,SNC1P0,ADA1O0,PPL1OM,TIJ1O0
student_g9_name_223,223,9,MFM1P0,ENG1P0,FSF1P0,CGC1P0,SNC1P0,AMU1O0,PPL1OF,GLS1O0
student_g9_name_224,224,9,MFM1P0,ENG1P0,FSF1P0,CGC1P0,SNC1P0,AVI1O0,PPL1OM,HIF1O0
student_g9_name_225,225,9,MFM1P0,ENG1P0,FSF1P0,CGC1P0,SNC1P0,AVI1O0,PPL1OF,TIJ1O0
student_g9_name_226,226,9,MFM1P0,ENG1D0,FSF1P0,CGC1P0,SNC1P0,AVI1O0,PPL1OM,HIF1O0
student_g9_name_227,227,9,MFM1P0,ENG1D0,FSF1P0,CGC1P0,SNC1P0,ADA1O0,PPL1OF,TIJ1O0
student_g9_name_228,228,9,MFM1P0,ENG1D0,FSF1P0,CGC1P0,SNC1P0,AMU1O0,PPL1OM,TIJ1O0
student_g9_name_229,229,9,MFM1P0,ENG1D0,FSF1P0,CGC1P0,SNC1P0,AVI1O0,PPL1OF,HIF1O0
student_g9_name_230,230,9,MFM1P0,ENG1D0,FSF1P0,CGC1P0,SNC1P0,AVI1O0,PPL1OM,TIJ1O0
student_g9_name_231,231,9,MFM1P0,ENG1D0,FSF1P0,CGC1P0,SNC1P0,AVI1O0,PPL1OF,HIF1O0
student_g9_name_232,232,9,MFM1P0,ENG1D0,FSF1P0,CGC1P0,SNC1P0,ADA1O0,BBT1O0,HIF1O0
student_g9_name_233,233,9,MFM1P0,ENG1D0,FSF1P0,CGC1P0,SNC1P0,AMU1O0,BBT1O0,TIJ1O0
student_g9_name_234,234,9,MFM1P0,ENG1D0,FSF1P0,CGC1P0,SNC1P0,AVI1O0,BBT1O0,GLE1O0
student_g9_name_235,235,9,MFM1P0,ENG1D0,FSF1P0,CGC1P0,SNC1P0,AVI1O0,PPL1OF,TIJ1O0
student_g9_name_236,236,9,MFM1P0,ENG1D0,FSF1P0,CGC1P0,SNC1P0,AVI1O0,PPL1OM,HIF1O0
student_g9_name_237,237,9,MFM1P0,ENG1D0,FSF1P0,CGC1P0,SNC1P0,ADA1O0,PPL1OF,HIF1O0
student_g9_name_238,238,9,MFM1P0,ENG1D0,FSF1P0,CGC1P0,SNC1P0,AMU1O0,PPL1OM,TIJ1O0
student_g9_name_239,239,9,MFM1P0,ENG1D0,FSF1P0,CGC1P0,SNC1P0,AVI1O0,PPL1OF,HIF1O0
student_g9_name_240,240,9,MFM1P0,ENG1D0,FSF1P0,CGC1P0,SNC1P0,AVI1O0,PPL1OM,TIJ1O0
student_g9_name_241,241,9,MFM1P0,ENG1D0,FSF1P0,CGC1P0,SNC1P0,AVI1O0,PPL1OF,TIJ1O0
student_g9_name_242,242,9,MFM1P0,ENG1D0,FSF1P0,CGC1P0,SNC1P0,ADA1O0,PPL1OM,GLS1O0
student_g9_name_243,243,9,MFM1P0,ENG1D0,FSF1P0,CGC1P0,SNC1P0,AMU1O0,PPL1OF,HIF1O0
student_g9_name_244,244,9,MFM1P0,ENG1D0,FSF1P0,CGC1P0,SNC1D0,AVI1O0,PPL1OM,TIJ1O0
student_g9_name_245,245,9,MFM1P0,ENG1D0,FSF1P0,CGC1P0,SNC1D0,AVI1O0,PPL1OF,HIF1O0
student_g9_name_246,246,9,MFM1P0,ENG1D0,FSF1P0,CGC1P0,SNC1D0,AVI1O0,PPL1OM,TIJ1O0
student_g9_name_247,247,9,MFM1P0,ENG1D0,FSF1P0,CGC1P0,SNC1D0,ADA1O0,PPL1OF,TIJ1O0
student_g9_name_248,248,9,MFM1P0,ENG1D0,FSF1P0,CGC1P0,SNC1D0,AMU1O0,BBT1O0,HIF1O0
student_g9_name_249,249,9,MFM1P0,ENG1D0,FSF1P0,CGC1P0,SNC1D0,AVI1O0,BBT1O0,TIJ1O0
student_g9_name_250,250,9,MFM1P0,ENG1D0,FSF1P0,CGC1P0,SNC1D0,AVI1O0,BBT1O0,HIF1O0